ID;Nombre;Fundación (dd/mm/aaaa);Apodo;Sigla;Nombre Corto;Estadio;Sitio oficial (http://www.sitio.com);Twitter (sin @);ID DataFactory;ID Liga;ID País;Descripción;;;;
1;Club Atlético Boca Juniors;04/03/1905;Xeneize, Bosteros, La Mitad más 1;CABJ;Boca;"Alberto J. Armando, ""La Bombonera""";http://www.bocajuniors.com.ar/;bocajrsoficial;5;1;13;;;;;
2;Club Atlético Tigre;08/03/1902;El Matador;CAT;Tigre;"José Dellagiovanna, ""El Monumental de Victoria""";http://www.catigre.com.ar/;catigreoficial;136;1;13;;;;;
3;Club Atlético Newell's Old Boys;11/03/1903;La Lepra;NOB;Newell´s;"Marcelo Bielsa, ""El Coloso del Parque""";http://www.newellsoldboys.com.ar/;canoboficial;13;1;13;;;;;
4;Club Atlético All Boys;15/3/1913;El Albo;CAAB;All Boys;Islas Malvinas;http://www.caallboys.com.ar/;caallboys;668;1;13;;;;;
5;Arsenal Fútbol Club;01/11/1957;Arse, Los del Viaducto;AFC;Arsenal;Julio Humberto Grondona;http://www.celesteyrojo.com.ar/;CelesteyRojo;3;1;13;;;;;
6;Club Atletico Colón;05/05/1905;Sabalero, Negro, Raza;CAC;Colón;Brigadier General Estanislao López;http://www.clubcolon.com.ar/;ColonOficial;6;1;13;;;;;
7;Club Estudiantes de La Plata;08/04/1905;Pincha, Pincharratas, León;CELP;Estudiantes;"Ciudad de La Plata, ""Único""";http://www.edelpoficial.com.ar/;EdelpOficial;7;1;13;;;;;
8;Club Atlético Vélez Sarsfield;01/01/1910;Fortinero, V azulada;CAVS;Vélez;"José Amalfitani, ""El Fortín""";http://www.velezsarsfield.com.ar/;Velez;20;1;13;;;;;
9;Club Atlético Unión;15/4/1907;El Tatengue;CAU;Unión;15 de Abril;http://www.clubaunion.com.ar/;clubaunion;137;1;13;;;;;
10;Club Atlético Belgrano;19/3/1905;Pirata, Celeste;CAB;Belgrano;"Julio César Villagra, ""El Gigante de Alberdi""";http://www.mundobelgranoweb.com/;Mundobelgrano;124;1;13;;;;;
11;Club Atlético Lanús;01/03/1915;El Granate;CAL;Lanús;"Ciudad de Lanús - Néstor Díaz Pérez, ""La Fortaleza""";http://www.clublanus.com/;ClubLanusAr;12;1;13;;;;;
12;Asociación Atlética Argentinos Juniors;15/8/1904;Bicho Colorado, Bicho de la Paternal;AAAJ;Argentinos;Diego Armando Maradona;http://www.argentinosjuniors.com.ar/;PrensaAAAJ;2;1;13;;;;;
13;Club Atlético San Lorenzo de Almagro;01/04/1908;Ciclón, Cuervo, Santo, Azulgrana;CASLA;San Lorenzo ;"Pedro Bidegain, ""El Nuevo Gasómetro""";http://www.sanlorenzo.com.ar/;sanlorenzoclub;19;1;13;;;;;
14;Asociación Mutual Social y Deportiva Atlético de Rafaela;13/1/1907;La Crema;AR;At. Rafaela;Nuevo Monumental;http://www.atleticorafaela.com.ar/;OficialAMSyD;99;1;13;;;;;
15;Club Atlético Independiente;01/01/1905;Rojo, Diablo de Avellaneda, Rey de Copas;CAI;Independiente;Libertadores de América;http://www.clubaindependiente.com/;independientetw;10;1;13;;;;;
16;Racing Club;25/3/1903;La Academia;RC;Racing;"Presidente Perón, ""El Cilindro""";http://www.racingclub.com/;RacingClub;16;1;13;;;;;
17;Club Deportivo Godoy Cruz Antonio Tomba;01/06/1921;Tomba, Bodeguero, Expreso;GCAT;Godoy Cruz;Malvinas Argentinas;http://www.clubgodoycruz.com.ar/;clubgodoycruz;132;1;13;;;;;
18;Club Atlético San Martín;27/9/1907;Verdinegro, Santo Sanjuanino;SMSJ;San Martín (SJ);Ingeniero Hilario Sánchez;http://www.soyverdinegro.com.ar/;SanMartinWeb;132;1;13;;;;;
19;Club Atlético River Plate;25/5/1901;Millonario, Gallinas, La Banda;CARP;River;"Antonio Vespucio Liberti, ""El Monumental""";http://www.cariverplate.com/;carpoficial;;1;13;;;;;
20;Quilmes Atlético Club;27/11/1887;El Cervecero;QAC;Quilmes;Centenario, Jose Luis Meiszner;http://www.quilmesaclub.org.ar/;qacoficial;;1;13;;;;;
21;Club Atlético Banfield;21/01/1896;El Taladro;CAB;Banfield;Florencio Sola ;http://www.clubabanfield.com.ar/;banfieldoficial;4;1;13;;;;;
22;Club Olimpo;15/10/1910;El Aurinegro;COB;Olimpo;Roberto Natalio Carminatti;http://www.aurinegro.com.ar/;aurinegroweb;14;1;13;;;;;
23;Club Atlético Rosario Central;24/12/1889;Canalla, Academia, Guerreros;CARC;Rosario Central;"Dr. Lisandro de la Torre, ""El Gigante de Arroyito""";http://www.rosariocentral.com/;carcoficial;;;13;;;;;
24;Instituto Atlético Central Córdoba;08/08/1918;La Gloria;IACC;Instituto;"Juan Domingo Perón, ""El Monumental de Alta Córdoba""";http://www.institutoatleticocentralcordoba.com/;InstitutoACC;;;13;;;;;
25;Club Atlético Boca Unidos;27/7/1927;Aurirrojo, Los de la Ribera;CABU;Boca Unidos;José Antonio Romero Feris;http://www.bocaunidos.org.ar/;BocaUnidosCtes;;;13;;;;;
26;Club de Gimnasia y Esgrima La Plata;3/6/1887;Lobo, Triperos, Basurero;GELP;Gimnasia;"Juan Carmelo Zerillo, ""El Bosque""";http://www.gimnasia.org.ar/;gimnasiaoficial;;;13;;;;;
27;Club Atlético Aldosivi;29/3/1913;El Tiburón;CAA;Aldosivi;José María Minella;http://www.aldosivi.com/;clubaldosivi;;;13;;;;;
28;Club Almirante Brown;17/1/1922;Fragata, Mirasol;CAB;Almirante Brown;Fragata Presidente Sarmiento;http://www.almirantebrown.org.ar/;infoalmirante;;;13;;;;;
29;Club Atlético Patronato de la Juventud Católica;02/01/1914;Negro, Patrón;CAP;Patronato;Presbítero Bartolomé Grella;http://www.cpatronato.com.ar/;CPatronato;;;13;;;;;
30;Club Social y Deportivo Defensa y Justicia;20/3/1935;El Halcón;DYJ;Defensa y Justicia;"Norberto Tomaghello, ""El Matadero""";http://www.defensayjusticia.com.ar/;ClubDefensayJus;;;13;;;;;
31;Club Ferro Carril Oeste;28/7/1904;Verdolagas, Oeste, Locomotora;FCO;Ferro;"Arquitecto Ricardo Etcheverri, ""El Templo""";http://www.ferrocarriloeste.org.ar/;clubferro;;;13;;;;;
32;Club Social y Deportivo Merlo;19/10/1954;Los Charros;DM;Dep. Merlo;"José Manuel ""Charro"" Moreno";http://www.clubdeportivomerlo.com/;DeportivoMerlo;;;13;;;;;
33;Club Atlético Tucumán;27/9/1902;El Decano;CAT;At. Tucumán;Monumental José Fierro;http://www.atleticotucuman.com.ar/;ATOficial;;;13;;;;;
34;Club Sportivo Independiente Rivadavia;24/1/1913;La Lepra;IRM;Indepte. Rivadavia;"Bautista Gargantini, ""La Catedral""";http://www.independientemza.com.ar/;IndepteRivMza;;;13;;;;;
35;Club Atlético Huracán;11/01/1908;Globo, Quemeros;CAH;Huracán ;"Tomás Adolfo Ducó, ""El Palacio""";http://www.clubahuracan.com.ar/;HuracanOficial;;;13;;;;;
36;Club Atlético Gimnasia y Esgrima ;18/3/1931;Lobo Jujeño;GEJ;Gimnasia (J);"23 de Agosto, ""Coliseo Jujeño""";http://www.gimnasiayesgrimadejujuy.com/;GimnasiaJujuy;;;13;;;;;
37;Club Atlético Chacarita Juniors;05/01/1906;Funebrero, Chaca, Tricolor de San Martín;CACJ;Chacarita;Chacarita Juniors;http://www.chacaritajuniors.org.ar/;ChacaOficial;;;13;;;;;
38;Club Atlético Douglas Haig;18/11/1918;Fogoneros, Rojinegros, Milan de Pergamino;CADH;Douglas Haig;Miguel Morales;NO TIENE;CADouglasHaig ;;;13;;;;;
39;Club Atlético Sarmiento;04/01/1911;Guerrero, Verde de Junín;CAS;Sarmiento;Eva Perón;http://www.sarmientodejunin.com.ar/;SarmientoDJunin;;;13;;;;;
40;Club Atlético Nueva Chicago;07/01/1911;Torito, Verdinegro;CANCH;Nueva Chicago;República de Mataderos;http://www.nuevachicago.com/;ca_nuevachicago;;;13;;;;;
41;Club Crucero del Norte;19/7/1989;Colectivero;CCN;Crucero del Norte;Comandante Andrés Guacurarí;http://www.clubcrucerodelnorte.com.ar/;;;;13;;;;;
42;Borussia Dortmund;19/12/1909;Negro y Amarillo;BVB 09;B.Dortmund;Signal Iduna Park;http://www.bvb.de/;bvb;707;5;3;;;;;
43;FC Bayern Munich;27/2/1900;Bávaros, Gigante de Baviera;FCBM;Bayern Munich;Allianz Arena;http://www.fcbayern.de;fcbayern_news ;617;5;3;;;;;
44;FC Schalke 04;05/04/1904;Azul Real, Mineros;S04;Schalke 04;Veltins Arena;http://www.schalke04.de/;S04;711;5;3;;;;;
45;Borussia Mönchengladbach;08/01/1900;Los Potros;BM;Borussia M.;Borussia Park;http://www.borussia.de/;vflborussia;1259;5;3;;;;;
46;Bayer Leverkusen;07/01/1904;Los Leones;BL;B.Leverkusen;Bay Arena;http://www.bayer04.de/;bayer04fussball;706;5;3;;;;;
47;VfB Stuttgart;9/9/1893;Los Suevos;VfBS;Stuttgart;Mercedes Benz Arena;http://www.vfb.de/;vfb;718;5;3;;;;;
48;Hannover 96;12/4/1896;Los Rojos;H96;Hannover;AWD Arena;http://www.hannover96.de/;hannover96;713;5;3;;;;;
49;VfL Wolfsburg;12/09/1945;Los Lobos;VfLW;Wolfsburgo;Volkswagen Arena;http://www.vfl-wolfsburg.de/;VfL_Wolfsburg;720;5;3;;;;;
50;SV Werder Bremen;4/02/1899;El Verde y Blanco;SVWB;Werder Bremen;Weserstadion;http://www.werder.de/;werderbremen;721;5;3;;;;;
51;FC Nuremberg;05/04/1900;La Leyenda;FCN;Nuremberg;Easy Credit Stadion;http://www.fcn.de/;1_fc_nuernberg;710;5;3;;;;;
52;TSG 1899 Hoffenheim;1/7/1899;El increíble Hoffenheim;TSGH;Hoffenheim;Rhein Neckar Arena;http://www.achtzehn99.de/;achtzehn99;1260;5;3;;;;;
53;SC Friburgo;30/5/1904;Bosque Negro, Brasileros de Breisgau;SCF;Friburgo;Badenova Stadion;http://www.scfreiburg.com/;sc_freiburg;1717;5;3;;;;;
54;FSV Mainz 05;16/3/1905;El 05;M05;Mainz;Coface Arena;http://www.mainz05.de/;1FSVMainz05;1718;5;3;;;;;
55;FC Augsburg;08/08/1907;Fuggers;FCA;Augsburg;Impuls Arena;http://www.fcaugsburg.de/;fcaugsburg;3305;5;3;;;;;
56;Hamburgo S.V.;29/9/1887;Los Dinosaurios;HSV;Hamburgo;Imtech Arena;http://www.hsv.de/;hsv;712;5;3;;;;;
57;Eintracht Frankfurt;8/3/1899;Las Águilas;EFF;Eintracht Frankfurt;Commerzbank Arena;http://www.eintracht.de/;Eintracht_News;;5;3;;;;;
58;Greuther Fürth;23/9/1903;Los Tréboles;SGF;Greuther Fürth;Trolli Arena;http://www.greuther-fuerth.de/;kleeblattfuerth;;5;3;;;;;
59;Fortuna Düsseldorf;5/5/1895;F 95;FD95;Fortuna Düsseldorf;ESPRIT arena;http://www.f95.de/;F95Duesseldorf ;;5;3;;;;;
60;Real Madrid Club de Fútbol;03/06/1902;Blancos, Merengues;RMFC;Real Madrid ;Santiago Bernabéu ;http://www.realmadrid.com;realmadrid;39;7;68;;;;;
61;Fútbol Club Barcelona;29/9/1899;Barça, Blaugranas, Culés;FCB;Barcelona;Camp Nou;http://www.fcbarcelona.com;fcbarcelona;31;7;68;;;;;
62;Valencia Club de Fútbol;18/3/1919;Los Ches;VCF;Valencia;Mestalla;http://www.valenciacf.com;valenciacf;42;7;68;;;;;
63;Málaga Club de Fútbol;25/5/1948;Malaguistas, Boquerones;MCF;Málaga;La Rosaleda;http://www.malagacf.com;malagacf;25;7;68;;;;;
64;Club Atlético de Madrid;26/4/1903;Colchoneros, Atleti, Rojiblancos;CAM;Atlético Madrid;Vicente Calderón;http://www.clubatleticodemadrid.com;atleti;29;7;68;;;;;
65;Levante Unión Deportiva;09/09/1909;Los Granotas;LUD;Levante;Ciudad de Valencia;http://www.levanteud.com/;LevanteUD;35;7;68;;;;;
66;Club Atlético Osasuna;25/10/1920;Los Rojillos;CAO;Osasuna;El Sadar;http://www.osasuna.es/;CAOsasuna;37;7;68;;;;;
67;Real Club Deportivo Mallorca;27/2/1916;Barralets, Bermellones;RCDM;Mallorca;Iberostar ;http://www.rcdmallorca.es/;rcd_mallorca;36;7;68;;;;;
68;Sevilla Fútbol Club;14/10/1905;Palanganas, Nervionenses;SFC;Sevilla ;Ramón Sánchez Pizjuán;http://www.sevillafc.es;sevillafc;41;7;68;;;;;
69;Athletic Club de Bilbao;1898;Los Leones;ACB;Athletic;San Mamés;http://www.athletic-club.net/;AthleticClub;30;7;68;;;;;
70;Getafe Club de Fútbol;07/08/1983;Azulones, Geta;GCF;Getafe;Coliseum Alfonso Pérez;http://www.getafecf.com/;GetafeFC ;24;7;68;;;;;
71;Real Sociedad de Fútbol ;09/07/1909;Txuri Urdin, La Real;RSF;Real Sociedad;Anoeta;http://www.realsociedad.com/;RealSociedad;40;7;68;;;;;
72;Real Betis Balompié ;09/12/1907;Béticos, Verdiblancos;RBB;Real Betis ;Benito Villamarín;http://www.realbetisbalompie.es/;RBetisOficial;32;7;68;;;;;
73;Real Club Deportivo Espanyol;28/10/1900;Los Periquitos;RCDE;Espanyol;Cornellá-El Prat;http://www.rcdespanyol.com/;rcdespanyol;34;7;68;;;;;
74;Rayo Vallecano de Madrid;29/5/1924;Rayistas, Vallecanos;RVM;Rayo Vallecano;Campo de Fútbol de Vallecas;http://www.rayovallecano.es/;RVMOficial;3310;7;68;;;;;
75;Real Zaragoza;18/3/1932;Maños, Blanquillos;RZ;Zaragoza;La Romareda;http://www.realzaragoza.com/;RZ_oficial;28;7;68;;;;;
76;Granada Club de Fútbol;04/06/1931;Rojiblanco Horizontal, El 5001, Los Filipinos;GCF;Granada;Nuevo Los Cármenes;http://www.granadacf.es/;GranadaCdeF;3311;7;68;;;;;
77;Real Club Deportivo de la Coruña;03/02/1906;El Depor;RCDL;Deportivo;Riazor;http://www.canaldeportivo.com/;canaldeportivo;;7;68;;;;;
78;Real Club Celta de Vigo ;23/8/1923;Celtiñas, Celestes;RCCV;Celta ;Balaídos;http://www.celtavigo.net/;rccelta_oficial;;7;68;;;;;
79;Real Valladolid Club de Fútbol;20/6/1928;Pucelanos;RV;Valladolid;José Zorrilla;http://www.realvalladolid.es/;realvalladolid;;7;68;;;;;
80;Montpellier Hérault Sport Club;1919;Le Petit Chelil;MHSC;Montpellier;De la Mosson;http://www.mhscfoot.com/;Montpellier_HSC;1728;9;75;;;;;
81;Paris Saint Germain Football Club;06/10/1970;Les Parisiens, Rouge et Bleu;PSG;Paris Saint Germain ;Parc des Princes;http://www.psg.fr/;PSG_inside;1370;9;75;;;;;
82;Lille Olympique Sporting Club;23/9/1992;Les Dogues;LOSC;Lille;Lille-Metropole;http://www.losc.fr/;losclive ;1725;9;75;;;;;
83;Olympique de Lyon;03/08/1950;Les Gones;OL;Lyon;Gerland;http://www.olweb.fr/;OL_officiel;794;9;75;;;;;
84;Football Club des Girondins de Bordeaux;1/10/1881;Marines et blancs, Les Girondins;FCGB;Bordeaux;Jacques Chaban-Delmas;http://www.girondins.com/;girondins;1309;9;75;;;;;
85;Association Sportive de Saint Etienne Loire;1933;Les Verts;ASSE;Saint Etienne;Geoffroy-Guichard;http://www.asse.fr/;ASSEofficiel;1372;9;75;;;;;
86;Stade Rennais Football Club;03/10/1901;Les Rouges et Noirs ;SRFC;Rennes;De la Route de Lorient;http://www.staderennais.com/;SRFC_Officiel;1732;9;75;;;;;
87;Toulouse Football Club;25/5/1970;Le Téfécé, Le Tef;TFC;Toulouse;Municipal de Toulouse;http://www.tfc.info/;toulousefc;1733;9;75;;;;;
88;Evian Thonon Gaillard Football Club;07/01/2007;Les Croix de Savoie, Les Roses;ETGFC;Evian;Parc des Sports;http://www.etgfc.com/;etgfc;3299;9;75;;;;;
89;Olympique de Marsella;1899;Les Olympiens, Les Phocéens;OM;Olympique ;Vélodrome;http://www.om.net;OM_Officiel ;793;9;75;;;;;
90;Association Sportive Nancy Lorraine;16/6/1967;Les Chardons;ASNL;Nancy;Marcel Picot;http://www.asnl.net;ASNancyLorraine;1367;9;75;;;;;
91;Valenciennes Football Club;1913;Les Athéniens;VAFC;Valenciennes;Du Hainaut;http://www.va-fc.com/;VAFCofficiel ;1734;9;75;;;;;
92;Olympique Gymnaste Club de Nice Côte d'Azur;07/09/1904;Les Aiglons, Le Gym;OGCN;Niza;Du Ray;http://www.ogcnice.com/;ogcnice;1729;9;75;;;;;
93;Football Club Lorient Bretagne Sud;04/02/1926;Les Merlus;FCL;Lorient;Du Moustoir;http://www.fclweb.fr/;FCLorientOff;1726;9;75;;;;;
94;Football Club Sochaux Montbéliard;1928;Les Lionceaux ;FCSM;Sochaux;Auguste Bonal;http://www.fcsochaux.fr/;FCSM_Officiel;1731;9;75;;;;;
95;Stade Brestois 29;26/6/1950;SB29;SB29;Brest;Francis Le Blé;http://www.sb29.com/;SB29_Brest;2291;9;75;;;;;
96;Athletic Club Ajaccien;1910;L'ours;ACA;Ajaccio;François Coty;http://www.ac-ajaccio.com/;AcaSiteOfficiel ;2166;9;75;;;;;
97;Sporting Club de Bastia;1905;Les Bleus;SCB;Bastia;Armand Cesari;http://www.sc-bastia.com/;s_c_bastia;;9;75;;;;;
98;Stade de Reims;18/6/1931;Les rouges et blancs;SR;Reims;Auguste Delaune;http://www.stade-de-reims.com/;Stade_de_Reims;;9;75;;;;;
99;Espérance Sportive Troyes Aube Champagne;27/6/1986;ESTAC Troyes;ESTAC;Troyes;De l'Aube;http://www.estac.fr/;estac_officiel;;9;75;;;;;
100;Manchester City Football Club;1880;The Citizens;MCF;Manchester City;Etihad ;http://www.mcfc.co.uk/;mcfc;567;6;181;;;;;
101;Manchester United Football Club;1878;The Red Devils ;MUFC;Manchester United;Old Trafford;http://www.manutd.com/;;568;6;181;;;;;
102;Arsenal Football Club;1886;The Gunners ;AFC;Arsenal;Emirates ;http://www.arsenal.com/;Arsenal;558;6;181;;;;;
103;Tottenham Hotspur Football Club;1882;The Spurs;THFC;Tottenham ;White Hart Lane;http://www.tottenhamhotspur.com/;SpursOfficial;574;6;181;;;;;
104;Newcastle United Football Club;1892;The Magpies;NUFC;Newcastle;Sports Direct Arena ;http://www.nufc.co.uk/;NUFCOfficial;570;6;181;;;;;
105;Chelsea Football Club;03/10/1905;The Blues;CFC;Chelsea;Stamford Bridge;http://www.chelseafc.com/;chelseafc;563;6;181;;;;;
106;Everton Football Club;1878;The Toffees;EFC;Everton;Goodison Park;http://www.evertonfc.com/;Everton ;564;6;181;;;;;
107;Liverpool Football Club;3/6/1892;The Reds;LFC;Liverpool;Anfield;http://www.liverpoolfc.tv/;LFC;566;6;181;;;;;
108;Fulham Football Club;16/8/1879;The Cottagers;FFC;Fulham;Craven Cottage;http://www.fulhamfc.com/;FulhamFC;565;6;181;;;;;
109;West Bromwich Albion Football Club;1878;The Baggies, TheThrostles;WBA;West Bromwich ;The Hawthorns;http://www.wba.co.uk/;WBAFCofficial;1263;6;181;;;;;
110;Swansea City Association Football Club;1912;The Swans;SCA;Swansea ;Liberty ;http://www.swanseacity.net/;SwansOfficial;3302;6;181;;;;;
111;Norwich City Football Club;17/6/1902;The Canaries ;NCFC;Norwich ;Carrow Road;http://www.canaries.co.uk/;NorwichCityFC ;3301;6;181;;;;;
112;Sunderland Association Football Club;1879;The Black Cats ;SAFC;Sunderland;Of Light;http://www.safc.com/;SAFCofficial;704;6;181;;;;;
113;Stoke City Football Club;1863;The Potters;SCFC;Stoke ;Britannia ;http://www.stokecityfc.com/;OfficialSCFC ;1262;6;181;;;;;
114;Wigan Athletic Football Club;1932;The Latics;WAFC;Wigan ;DW Stadium;http://www.wiganlatics.co.uk/;LaticsOfficial;577;6;181;;;;;
115;Aston Villa Football Club;1874;The Villans;AVFC;Aston Villa;Villa Park;http://www.avfc.co.uk/;AVFCOfficial;559;6;181;;;;;
116;Queens Park Rangers Football Club;1882;The Hoops, QPR;QPR;Queens Park Rangers;Loftus Road;http://www.qpr.co.uk/;OfficialQPR;3300;6;181;;;;;
117;Southampton Football Club;21/11/1885;The Saints;SFC;Southampton;St. Mary's ;http://www.saintsfc.co.uk/;officialsaints;;6;181;;;;;
118;Reading Football Club;1871;The Royals;RFC;Reading;Madejski ;http://www.readingfc.co.uk/;ReadingFC;;6;181;;;;;
119;West Ham United Football Club;1895;The Hammers ;WHUFC;West Ham ;Boleyn Ground;http://www.whufc.com/;whufc_official;;6;181;;;;;
120;Udinese Calcio;1896;Zebrette, Bianconeri, Friulani;UC;Udinese;Friuli;http://www.udinese.it/;Udinese_1896 ;64;4;118;;;;;
121;Società Sportiva Lazio;01/09/1900;Biancocelesti, Biancazzurri, Aquile, Aquilotti;SSL;Lazio;Olimpico di Roma;http://www.sslazio.it/;officialsslazio;53;4;118;;;;;
122;Società Sportiva Calcio Napoli ;1904;Azzurri, Partenopei;SSCN;Napoli;San Paolo;http://www.sscnapoli.it/;SSCNapoli_it;726;4;118;;;;;
123;Football Club Internazionale Milano;03/09/1908;Nerazzurro, Beneamata, Biscione;FCIM;Inter;Giuseppe Meazza ;http://www.inter.it/;inter;51;4;118;;;;;
124;Associazione Sportiva Roma;22/7/1927;"Giallorossi, Lupi; Magica";ASR;Roma;Olimpico di Roma;http://www.asroma.it/;OfficialASRoma;61;4;118;;;;;
125;Parma Football Club;27/7/1913;Crociati, Gialloblu;PFC;Parma;Ennio Tardini;http://www.fcparma.com/;fcparmacalcio;59;4;118;;;;;
126;Bologna Football Club;10/03/1909;Felsinei, Rossoblu, Petroniani;BFC;Bologna;Renato Dall'Ara;http://www.bolognafc.it/;BolognaFC;46;4;118;;;;;
127;Associazione Calcio Chievo Verona;1929;Gialloblu, Mussi Volanti, Ceo;ACCV;Chievo;Marc'Antonio Bentegodi;http://www.chievoverona.it/;ACChievoVerona;48;4;118;;;;;
128;Calcio Catania;26/9/1946;Etnei, Rossoazzurri, Gli Elefanti;CC;Catania;Angelo Massimino;http://www.calciocatania.it/;Calcio_Catania;537;4;118;;;;;
129;Atalanta Bergamasca Calcio;17/10/1907;Orobici, la Dea, Nerazzurri;ABC;Atalanta;Atleti Azzurri d'Italia;http://www.atalanta.it/;Atalanta_BC;45;4;118;;;;;
130;Associazione Calcio Firenze Fiorentina ;26/8/1926;Viola, Gigliati, Fiore;ACFF;Fiorentina;Artemio Franchi;http://www.violachannel.tv;Violachannel;50;4;118;;;;;
131;Associazione Calcio Siena ;1904;Robur, Bianconeri;ACS;Siena;Artemio Franchi ;http://www.acsiena.it/;acsienaofficial;63;4;118;;;;;
132;Cagliari Calcio;30/5/1920;Casteddu, Rossoblu, Sardi;CC;Cagliari;Nereo Rocco;http://www.cagliaricalcio.net/;Cagliari_Calcio;49;4;118;;;;;
133;Unione Sportiva Citta di Palermo ;11/01/1900;Rosanero, Aquile;USCP;Palermo;Renzo Barbera;http://www.palermocalcio.it/;US_Palermo;58;4;118;;;;;
134;Genoa Cricket and Football Club ;7/9/1893;Grifone, Zena, Vecchio Balordo;GCFC;Genoa;Luigi Ferraris;http://www.genoacfc.it/;GenoaCFCtweet;725;4;118;;;;;
135;Juventus Football Club ;01/11/1987;Vecchia Signora, Bianconeri ;JFC;Juventus;Juventus Stadium;http://www.juventus.com;juventusfc ;52;4;118;;;;;
136;Associazione Calcio Milan;16/12/1899;Rossoneri, Diavolo;ACM;Milan;Giuseppe Meazza;http://www.acmilan.com/;acmilan;57;4;118;;;;;
137;Delfino Pescara 1936;1936;Biancoazzurri, Delfini;DPC;Pescara;Adriático;http://www.pescaracalcio.com/;PescaraCalcio;;4;118;;;;;
138;Torino Football Club;13/12/1906;Toro, Granata;TFC;Torino;Olimpico di Torino;http://www.torinofc.it/;TorinoFC_1906 ;;4;118;;;;;
139;Unione Calcio Sampdoria;08/01/1946;Blucerchiati,Samp;UCS;Sampdoria;Luigi Ferraris;http://www.sampdoria.it/;sampdoria ;;4;118;;;;;
140;Futebol Clube do Porto;28/09/1893;Dragões, Azuis e Brancos ;FCP;Porto;Do Dragão;http://www.fcporto.pt/;FC_Porto;797;8;178;;;;;
141;Sport Lisboa e Benfica;28/2/1904;Águias, Encarnados ;SLB;Benfica;Da Luz;http://www.slbenfica.pt/;SL_Benfica;798;8;178;;;;;
142;Sporting Clube de Braga;19/1/1921;Arsenalistas, Arcebispos;SCB;Braga;Municipal de Braga - AXA;http://www.scbraga.pt/;SCBragaOficial;1358;8;178;;;;;
143;Sporting Clube de Portugal;07/01/1906;Sportinguistas, Leões, Verde e Brancos ;SCP;Sporting Lisboa;José Alvalade;http://www.sporting.pt/;Sporting_CP;799;8;178;;;;;
144;Club Sport Marítimo;20/9/1910;Verde Rubros, Leões da Madeira;CSM;Marítimo;Dos Barreiros;http://www.csmaritimo.pt/;csmaritimosad;1753;8;178;;;;;
145;Vitória Sport Clube;22/9/1922;Vimaranenses, Branquinhos, Conquistadores;VSC;Vitória de Guimarães;D. Afonso Henriques;http://www.vitoriasc.pt/;vitoria1922gmr;1759;8;178;;;;;
146;Clube Desportivo Nacional;12/08/1910;Albinegros, Nacionalistas;CDN;Nacional;Da Madeira;http://www.cdnacional.pt/;CDNacional;1754;8;178;;;;;
147;Sporting Clube Olhanense;27/4/1912;Leões de Olhão;SCO;Olhanense;José Arcanjo;http://www.scolhanense.com/;scolhanense;1757;8;178;;;;;
148;Gil Vicente Futebol Clube;05/03/1924;Gilistas, Galos;GVFC;Gil Vicente;Cidade de Barcelos;http://www.gilvicentefc.pt/;GilVicenteFc;3307;8;178;;;;;
149;Futebol Clube Paços de Ferreira;04/05/1950;Castores;FCPF;Paços de Ferreira;Da Mata Real;http://www.fcpf.pt/;fcpf;1756;8;178;;;;;
150;Vitória Futebol Clube;20/11/1910;Sadinos, Velho Senhor ;VFC;Vitória Setúbal;Do Bonfim;http://www.vfc.pt/;v_setubal;1760;8;178;;;;;
151;Sport Clube Beira Mar;01/01/1922;Auri negros ;SCBM;Beira Mar;Municipal de Aveiro;http://www.beiramar.pt/;scbeira_mar;2296;8;178;;;;;
152;Associação Académica de Coimbra;3/11/1887;Briosa, Estudantes, Pretos;AAC;Académica;Cidade de Coimbra;http://www.academica-oaf.pt/;AAC_Briosa;1749;8;178;;;;;
153;Rio Ave Futebol Clube;05/10/1939;Vilacondenses;RAFC;Rio Ave;Do Rio Ave;http://www.rioave-fc.pt/;RioAve_fc;1758;8;178;;;;;
154;Grupo Desportivo Estoril Praia;17/5/1939;Canarinhos, Estorilistas, Equipa da Linha;GDEP;Estoril;António Coimbra da Mota;http://www.estorilpraia.pt/;GDEstorilPraia ;;8;178;;;;;
155;Moreirense Futebol Clube;1938;Moreira de Cónegos;MFC;Moreirense;Comendador Joaquim de Almeida Freitas;http://www.moreirensefc.pt/;MoreirenseFC;;8;178;;;;;
156;Club The Strongest;04/08/1908;Tigre, Atigrados, Aurinegro, Decano;CTS;The Strongest;Rafael Mendoza Castellón ;http://www.club-thestrongest.com/;ClubStrongest;;;27;;;;;
157;Club Deportivo San José de Oruro;19/3/1942;Santo, Minero, V Azulada;DSJ;San José;Jesús Bermúdez;http://www.club-sanjose.com/;ClubSanJose;;;27;;;;;
158;Club Deportivo Oriente Petrolero;11/05/1955;Albiverdes,Verdolagas;CDOP;Oriente Petrolero;Ramón Tahuichi Aguilera;http://www.daleooo.com/;OrientepOficial;;;27;;;;;
159;Club Universitario San Francisco Xavier;04/05/1961;U de Sucre, Docto, Estudiantil;CUS;Universitario de Sucre;Olímpico Patria;http://www.aguantelau.com/;LaUdeSucre;;;27;;;;;
160;Club Social, Cultural y Deportivo Blooming;05/01/1946;Millonario, Pascaneros ;SCDP;Blooming;Ramón Tahuichi Aguilera;http://www.clubblooming.com.bo/;ClubBloomingSC;;;27;;;;;
161;Club Bamin Real Potosí; 20/10/1941;Fenómeno, Lilas, León;CBRP;Real Potosí;Víctor Agustín Ugarte;http://www.realpotosi.com/;imperiorealista;;;27;;;;;
162;Club Aurora;27/5/1935;El equipo del pueblo, Celeste;CB;Aurora;Félix Capriles;http://www.clubaurora.com.bo;Club_Aurora ;;;27;;;;;
163;Club Atlético Nacional Potosí;04/08/1942;Pata lados, Banda Roja, Rancho Guitarras;CANP;Nacional Potosí;Victor Agustín Ugarte;NO TIENE;NacionalPotosi;;;27;;;;;
164;Fútbol Club Bolívar;04/12/1925;La Academia ;FCB;Bolívar;Hernando Siles;http://www.clubbolivar.com/;Bolivar_Oficial;;;27;;;;;
165;La Paz Fútbol Club;30/5/1989;Azulgranas, Ingenieros, Hombres Cóndor;LPFC;La Paz;Cosmos79;NO TIENE;La_PazFC;;;27;;;;;
166;Club Deportivo Jorge Wilstermann;24/11/1949;Aviador, Rojo;CDJW;Wilstermann;Félix Capriles;http://www.jorgewilstermann.com/;Wilstermann;;;27;;;;;
167;Club Petrolero;09/04/2000;Petrolero del Chaco, Petrolero de Yacuiba;CBY;Petrolero;Provincial de Yacuiba;http://www.petrolero-del-chaco.globered.com/;PetrolerodelCha;;;27;;;;;
168;Botafogo de Futebol e Regatas;08/12/1904;Fogão, Estrela Solitaria, Glorioso;BFR;Botafogo;Santa Cruz;http://www.botafogo.com.br/;BotafogoOficial;254;2;31;;;;;
169;Sport Club Internacional;04/04/1909;Inter, Colorado;SCI;Internacional;Beira Rio;http://www.internacional.com.br/;SCInternacional;116;2;31;;;;;
170;Figueirense Futebol Clube;06/12/1921;Figueira;FFC;Figueirense;Orlando Scarpelli;http://www.figueirense.com.br/;figueirensefc;307;2;31;Vitoria;;;;
171;Club de Regatas Vasco da Gama;21/8/1898;Gigante da Colina, Vascão, Trem Bala;CRVD;Vasco ;São Januário;http://www.vasco.com.br/;crvascodagama;261;2;31;;;;;
172;Clube Atlético Mineiro;25/3/1908;Galo, Glorioso;CAM;Atlético Mineiro;Mineirão;http://www.atletico.com.br/;sitedogalo;624;2;31;;;;;
173;Fluminense Football Club;21/7/1902;Flu, Fluzão, Tricolor;FFC;Fluminense;Maracaná;http://www.fluminense.com.br/;OficialFlu;113;2;31;;;;;
174;Clube de Regatas do Flamengo;15/11/1895;Mengão, Fla, Urubu;CRF;Flamengo;Maracaná;http://www.flamengo.com.br/;CR_Flamengo;256;2;31;;;;;
175;Sociedade Esportiva Palmeiras;26/8/1914;Verdão, Alviverde, Palestra;SEP;Palmeiras;Palestra Itália;http://www.palmeiras.com.br/;SitePalmeiras;80;2;31;Goiás;;;;
176;Associação Portuguesa de Desportos;14/8/1920;Lusa, Rubro Verde;APD;Portuguesa;Do Edno;http://www.portuguesa.com.br/;Lusa_Oficial;248;2;31;;;;;
177;Sport Club do Recife;13/5/1905;Leão;SCR;Sport Recife;Ilha do Retiro;http://www.sportrecife.com.br/;sportrecife;626;2;31;Criciúma;;;;
178;Cruzeiro Esporte Clube;01/02/1921;Raposa, Zêro, Zêro, Celeste;CEC;Cruzeiro;Mineirão;http://www.cruzeiro.com.br/;CruzeiroEC;108;2;31;;;;;
179;Esporte Clube Bahia;01/01/1931;Tricolor, Baêa, Bahiaço;ECB;Bahía;Pituaçu;http://www.esporteclubebahia.com.br/;ecbahia_oficial;991;2;31;;;;;
180;Atlético Clube Goianiense;04/02/1937;Dragão, Locomotiva Rubro Negra;ACG;Goianiense;Serra Dourada;http://www.atleticocg.com.br/;acgoficial;1677;2;31;At. Paranaense;;;;
181;Santos Futebol Clube;14/4/1912;Peixe, Santástico, Alvinegro Praiano, Leão do Mar;SFC;Santos;Vila Belmiro;http://www.santosfc.com.br/;santosfc;73;2;31;;;;;
182;Gremio Foot-Ball Porto Alegrense;15/9/1903;Imortal Tricolor, Tricolor Gaucho;GFPA;Gremio;Olímpico Monumental;http://www.gremio.net/;gremiooficial;309;2;31;;;;;
183;Clube Náutico Capibaribe;04/07/1901;Alvirrubro, Coroado, Glorioso;CNC;Náutico;Aflitos;http://www.nautico-pe.com.br/;nauticope;625;2;31;;;;;
184;Sport Club Corinthians Paulista;09/01/1910;Timão, Coringão, Todo Poderoso;SCC;Corinthians;Pacaembú;http://www.corinthians.com.br/;sitecorinthians;107;2;31;;;;;
185;Associação Atlética Ponte Preta;08/11/1900;Macaca, Veterana;AAPP;Ponte Preta;Moisés Lucarelli;http://www.pontepretaesportes.com.br/;aapp_oficial;247;2;31;;;;;
186;São Paulo Futebol Clube;25/1/1930;Tricolor, Clube da Fé, Soberano;SPFC;San Pablo;Morumbí;http://www.saopaulofc.net/;SaoPauloFC;75;2;31;;;;;
187;Coritiba Foot Ball Club;10/12/1909;Coxa, Glorioso, Vovô;CFBC;Coritiba;Couto Pereira;http://www.coritiba.com.br/;coritiba;628;2;31;;;;;
188;Corporación Club Deportes Tolima;18/12/1954;Pijaos, Vinotinto y Oro;CDT;Tolima;Manuel Murillo Toro;http://www.deportestolima.com/;cdtolima;;;47;;;;;
189;Club Independiente Santa Fe;28/2/1941;Cardenales, Expreso Rojo, León;ISF;Santa Fe;"Nemesio Camacho, ""El Campín""";http://www.independientesantafe.co/;IndSantaFeCO;;;47;;;;;
190;Club Deportivo Atlético Huila;29/11/1990;Opitas, Bambuqueros;CDAH;Huila;Guillermo Plazas Alcid;http://www.clubatleticohuila.com/;AtleticoHuila;;;47;;;;;
191;Club Deportivo La Equidad Seguros;13/12/1982;Aseguradores;LES;La Equidad;Metropolitano de Techo;http://www.equidadclubdeportivo.com/;laequidadcd;;;47;;;;;
192;Itagüí Fútbol Club;07/02/2008;Águilas Doradas;IFC;Itagüí ;Metropolitano Ciudad de Itagüí;http://www.aguilasdoradasitagui.com/;ItaguiDitaires;;;47;;;;;
193;Asociación Deportivo Pasto;10/12/1949;Fuerza Tricolor, Equipo Volcánico;ADP;Dep. Pasto;Departamental Libertad;http://www.deportivopasto.com.co/;DeportivoPasto;;;47;;;;;
194;Club Deportivo Junior de Barranquilla;08/07/1924;Tiburones, Rojiblancos;CDJB;Junior;Metropolitano Roberto Meléndez;http://www.juniorbarranquilla.com/;corpojunior;;;47;;;;;
195;Deportivo Boyacá Chicó Fútbol Club;26/3/2002;Ajedrezados;BCFC;Boyacá Chicó ;La Independencia;http://www.boyacachico.com/;BCHICOFCOFICIAL;;;47;;;;;
196;Asociación Deportivo Cali;23/11/1912;Amenaza Verde, Azucareros, Verdiblancos;ADC;Dep. Cali;Pascual Guerrero;http://www.deportivocali.com.co/;AsoDeporCali;;;47;;;;;
197;Corporación Deportiva Patriotas Fútbol Club;2003;Muiscas, Lanceros, Acereros;CDP;Patriotas;La Independencia;http://www.patriotasfc.com/;patriotasfutbol;;;47;;;;;
198;Club Atlético Nacional de Medellín;03/08/1947;Rey de Copas, Verdolagas, Nacionalistas;CANM;At. Nacional ;Atanasio Girardot;http://www.atlnacional.com.co/;nacionaloficial;;;47;;;;;
199;Millonarios Fútbol Club;18/6/1946;Millos, Embajadores, Albiazules;MFC;Millonarios;"Nemesio Camacho, ""El Campín""";http://www.millonarios.com.co/;MillosFCoficial;;;47;;;;;
200;Envigado Fútbol Club ;14/10/1989;Naranja;EFC;Envigado;Polideportivo Sur;http://www.envigadofutbolclub.net/;EnvigadoFC;;;47;;;;;
201;Corporación Deportiva Real Cartagena;01/10/1971;Heroicos, Auriverdes;CDRC;Real Cartagena;Jaime Morón León;http://www.futbolclubcartagena.com/;RealCartagenaCD;;;47;;;;;
202;Corporación Deportes Quindío;01/08/1951;Cuyabros, Cafeteros, Milagroso;CDQ;Quindío;San José;http://www.deportesquindio.com.co/;DeporQuindioCD;;;47;;;;;
203;Corporación Deportivo Independiente Medellín;15/4/1913;Poderoso de la Montaña, Medallo, Rey de Corazones, Rojo;DIM;Indepte. Medellín;Atanasio Girardot;http://www.dim.com.co/;oficialDIM;;;47;;;;;
204;Corporación Deportiva Once Caldas;16/1/1961;Blanco Blanco, Sabios;DOC;Once Caldas;Palogrande;http://www.oncecaldas.com.co/;oncecaldasweb;;;47;;;;;
205;Cúcuta Deportivo Fútbol Club;09/10/1924;Motilones, Rojinegro;CDFC;Cúcuta;General Santander;http://www.soyrojinegro.com/;CUCUTADEPORTIVO;;;47;;;;;
206;Club Universidad de Chile;24/5/1927;La U, Chuncho, Bulla, Azules;CUC;Universidad de Chile;Nacional de Chile;http://www.udechile.cl/;udechile;;;44;;;;;
207;Club Deportivo O'Higgins ;04/07/1955;Capo de Provincia, Celeste;CDO;O'Higgins;Teniente de Rancagua;http://www.ohigginsfc.cl/;Ohigginsoficial;;;44;;;;;
208;Club de Deportes Iquique ;21/5/1978;Dragones Celestes;CDI;Iquique;Tierra de Campeones;http://www.clubdeportesiquique.cl/;ClubDIquique;;;44;;;;;
209;Universidad Católica;21/4/1937;Los Cruzados;UC;Universidad Católica;San Carlos de Apoquindo;http://www.cruzados.cl;CruzadosSADP;;;44;;;;;
210;Club Unión Española;18/5/1897;Hispanos, Rojos de Santa Laura;CUE;Unión Española;Santa Laura;http://www.unionespanola.cl/;Ueoficial;;;44;;;;;
211;Club Social y Deportivo Colo Colo;19/4/1925;Albos, Cacique;CCC;Colo Colo;Monumental David de Arellano;http://www.colocolo.cl/;colocolooficial;;;44;;;;;
212;Deportes Unión La Calera ;26/1/1954;Cementeros, Máquina Cementera;DUC;Unión La Calera;Nicolás Chahúan;http://www.unionlacalera.cl/;Union_LaCalera;;;44;;;;;
213;Club de Deportes Cobreloa ;01/07/1977;Zorros del Desierto, Loínos, Mineros.;CDC;Cobreloa;Municipal de Calama;http://www.cobreloa.cl/;cobreloaoficial;;;44;;;;;
214;Club Deportivo Huachipato;06/07/1947;Acereros, Siderúrgicos, Campeón del Sur;CDH;Huachipato;CAP de Talcahuano;http://www.cdhuachipato.cl ;CD_Huachipato;;;44;;;;;
215;Club Deportivo Universidad de Concepción;08/08/1994;U de Conce, Campanil;CDUC;U. Concepción;Alcaldesa Ester Roa;http://www.laudeconce.cl/;laudeconce_cl;;;44;;;;;
216;Club de Deportes Santiago Wanderers;15/8/1892;Caturros, Porteños, Verde;CDSW;S. Wanderers;Regional Chiledeportes de Valparaíso;http://www.santiagowanderers.cl/;swanderers;;;44;;;;;
217;Audax Italiano La Florida ;30/11/1910;Tanos, Audinos, Verde de los Valles;AILF;Audax Italiano;Bicentenario de La Florida;http://www.audaxitaliano.cl/;audaxitaliano;;;44;;;;;
218;Club de Deportes La Serena ;12/09/1955;Granates, Papayeros;CDLS;La Serena;La Portada;http://www.clubdeporteslaserena.cl/;CDLASERENA ;;;44;;;;;
219;Club Social de Deportes Rangers;11/02/1902;Piducanos, Rojinegros, Talquinos;CSDR;Rangers;Fiscal de Talca;http://www.rangersdetalca.com/;Rangersdetalca_;;;44;;;;;
220;Club Deportivo Palestino ;20/8/1920;Árabes, El Tino, Tricolor;CDP;Palestino;Municipal de La Cisterna;http://www.palestino.cl/;CDPalestino;;;44;;;;;
221;Club de Deportes Antofagasta ;14/5/1966;Pumas, Albicelestes;CDA;Antofagasta;Regional Calvo y Bascuñan;http://www.cdantofagasta.cl/;CD_Antofagasta;;;44;;;;;
222;Club de Deportes Cobresal;05/05/1979;Mineros, Legionarios;CDC;Cobresal;El Cobre;http://www.cdcobresal.cl/;COBRESAL;;;44;;;;;
223;Club Deportivo Unión San Felipe;16/10/1956;Uní-Uní, Albirrojos, Aconcagüinos;USF;San Felipe;Municipal de San Felipe;http://www.unionsanfelipe.com/;USanFelipeSADP ;;;44;;;;;
224;Liga Deportiva Universitaria de Loja;26/11/1979;La Garra del Oso, Albos;LDUL;Liga de Loja;Federativo Reina del Cisne;http://www.ligadeloja.com/;LDULOJA;;;60;;;;;
225;Barcelona Sporting Club;05/01/1925;Canarios, Toreros;BSC;Barcelona (Ec.);Monumental Banco Pichincha;http://www.barcelonasc.com.ec/;BarcelonaSCweb;;;60;;;;;
226;Club Sport Emelec;28/4/1929;El Bombillo, Eléctricos;CSE;Emelec;George Capwell;http://www.emelec.com.ec/;csemelec;;;60;;;;;
227;Club Social y Deportivo Independiente;03/01/1958;Negriazules, Rayados del Valle;IDV;Independiente del Valle;Municipal General Rumiñahui;http://www.independientedelvalle.com.ec/;Independelvalle ;;;60;;;;;
228;Club Deportivo Cuenca;03/04/1971;Expreso Austral, Morlaco, Rojo, León;CDC;Dep. Cuenca;Alejandro Serrano Aguilar;http://www.deportivocuenca.com.ec/;DCuencaOficial;;;60;;;;;
229;Liga Deportiva Universitaria de Quito;01/11/1930;La U, Albos, Azucenas, Rey de Copas;LDUQ;Liga de Quito;"Liga Deportiva Universitaria, ""Casa Blanca""";http://www.ldu.com.ec/;LDUWEB;;;60;;;;;
230;Sociedad Deportivo Quito;07/09/1940;La Academia;SDQ;Dep. Quito;Olímpico Atahualpa;http://www.deportivoquito.com/;SDQUITO;;;60;;;;;
231;Club Deportivo El Nacional;03/07/1960;Criollos, Militar, Maquina Gris;CDN;El Nacional;Olímpico Atahualpa;http://www.elnacional.ec;elnacionalec;;;60;;;;;
232;Manta Fútbol Club;01/01/1967;Atuneros, Celestes, Tiburones;MFC;Manta;Jocay;http://www.mantafutbolclub.com/;MantaFutbolClub;;;60;;;;;
233;Club Social y Deportivo Macará;25/8/1939;Celestes, Guaytambos;CSDM;Macará;Bellavista;http://www.clubmacara.com.ec/;CDMacara;;;60;;;;;
234;Club Deportivo Técnico Universitario;26/3/1971;Rodillo Rojo, Albirrojos, Tecniquinos;CDTU;Técnico Universitario;Bellavista;http://www.tecnicouniversitario.ec/;rodillorojo;;;60;;;;;
235;Centro Deportivo Olmedo;11/10/1916;El Ciclón ;CDO;Olmedo;Olímpico Ciudad de Riobamba;http://www.olmedoderiobamba.com/;olmedoriobamba;;;60;;;;;
236;Club Olimpia;25/7/1902;Decano, Franjeado, Rey de Copas;CO;Olimpia;Manuel Ferreira;http://www.olimpia.com.py/;olimpia;;;174;;;;;
237;Club Cerro Porteño;10/01/1912;Ciclón, La Mitad más 1, Azulgrana;CCP;Cerro Porteño;Gral. Pablo Rojas;http://www.cerro.com.py/;ccp1912oficial;;;174;;;;;
238;Foot Ball Club Libertad;30/7/1905;Gumarelo, Repollero, Albinegro;FBCL;Libertad;Dr. Nicolás Leoz;http://www.clublibertad.com.py/;Libertad_Guma;;;174;;;;;
239;Club Sol de América;22/3/1909;El Danzarín;CSA;Sol de América;Luis Alfonso Giagni;http://www.soldeamerica.com/;sdeamerica1909;;;174;;;;;
240;Club Guaraní;10/12/1903;El Legendario, Aborigen;CG;Guaraní;Rogelio Livieres;http://www.clubguarani.com.py/;clubguarani;;;174;;;;;
241;Club Nacional;06/05/1904;Academia, Tricolor;CN;Nacional;Arsenio Erico;http://www.clubnacional.com.py/;clubnacionalpy;;;174;;;;;
242;Independiente de Campo Grande;20/9/1925;Campograndense;ICG;Indep. Campo Grande;Ricardo Gregor;http://clubindependientecg.blogspot.com.ar/;IndependienteCG ;;;174;;;;;
243;Club Atlético Presidente Franco;08/12/1967;Ciclón del Este, Populoso de Alto Paraná;CAPF;Cerro Porteño PF;Juan Eudes Pereira;http://www.cerrodefranco.com;Cerro_deFranco ;;;174;;;;;
244;Club Sportivo Luqueño;05/01/1921;Kure Luque, Chanchón;CSL;Sportivo Luqueño;Feliciano Cáceres;http://www.republicadeluque.com.py/;SpLuquenOficial;;;174;;;;;
245;Club Rubio Ñu;24/8/1913;Ñuenses, Albiverdes;CRÑ;Club Rubio Ñu;La Arboleda;http://www.clubrubionu.com.py/;rubionu1913 ;;;174;;;;;
246;Club Sportivo Carapeguá;09/03/2010;El Potro;CSC;Sportivo Carapeguá;Teniente 1º Alcides González;http://www.facebook.com/SptvoCarapegua;SptvoCarapegua ;;;174;;;;;
247;Tacuary Football Club;12/10/1923;Tacua;TFC;Tacuary;Roberto Béttega;http://www.tacuary.com/;TacuaryFBC;;;174;;;;;
248;Club Deportivo Universidad César Vallejo;01/06/1996;Poetas, Azulceleste;UCV;U. César Vallejo;Mansiche;http://www.clubdeportivoucv.edu.pe/;clubucv;;;175;;;;;
249;Club Sporting Cristal;13/12/1955;Bajopontinos, Celestes, Cerveceros;CSC;Sporting Cristal;San Martín de Porres;http://www.clubsportingcristal.pe/;clubscristal;;;175;;;;;
250;Asociación Civil Real Atlético Garcilaso;28/7/2009;La Máquina Celeste;RAG;Real Garcilaso;Garcilaso de la Vega;http://www.realgarcilaso.pe/;REALGARCILASO;;;175;;;;;
251;Foot Ball Club Melgar;25/3/1915;Dominó, Rojinegros, León;FBCM;Melgar;Monumental de la UNSA;http://www.fbcmelgar.pe/;ClubFBCMelgar;;;175;;;;;
252;Club Inti Gas Deportes ;27/7/1972;Los Gasíferos;IGD;Inti Gas Deportes;Ciudad de Cumaná;http://intigasdeportes.blogspot.com.ar/;intigasdeportes;;;175;;;;;
253;Club Juan Aurich;09/03/1922;Ciclón del Norte, Auriche;CJA;Juan Aurich;Elías Aguirre;http://www.juanaurich.net/;Juan_Aurich ;;;175;;;;;
254;Club Social Deportivo León de Huánuco;29/6/1946;León, Cremas del Centro;DLH;León de Huanuco;Heraclio Tapia;http://www.leondehuanuco.com.pe/;LeonDeHco ;;;175;;;;;
255;Club Deportivo Unión Comercio;15/6/1994;Poderoso del Alto Mayo, Comerciantes;CDUC;Unión Comercio;Carlos Vidaurre García;http://www.clubunioncomercio.com/;CDUCMENORES;;;175;;;;;
256;Club Deportivo Universidad de San Martín de Porres;21/1/2004;Santos, Albos;SMP;San Martín de Porres;San Martín de Porres;http://www.clubdeportivo.usmp.edu.pe/;Club_USMP;;;175;;;;;
257;José Gálvez Foot Ball Club;27/10/1951;Galvistas, Pesqueros;JGFC;José Gálvez;Manuel Rivera Sánchez;http://www.josegalvezfbc.com/;clubjosegalvez;;;175;;;;;
258;Club Social y Deportivo Sport Huancayo;02/07/2007;Rojo Matador, León de la Incontrastable;SH;Sport Huancayo;Huancayo;http://www.elsporthuancayo.blogspot.com;Sport_Huancayo;;;175;;;;;
259;Club Alianza Lima;15/2/1901;Aliancistas, Blanquiazules, Potrillos;CAL;Alianza Lima;Alejandro Villanueva;http://www.clubalianzalima.com/;ClubAlianzaLima;;;175;;;;;
260;Club Sportivo Cienciano;07/08/1910;Rojo, Imperial;CSC;Cienciano;Garcilaso de la Vega;http://www.cienciano.com/;ADFPCienciano;;;175;;;;;
261;Club Sport Boys Association;27/8/1927;Rosada, Porteños, Misilera;SBA;Sport Boys;Miguel Grau;http://www.sportboys.com.pe/;sportboys;;;175;;;;;
262;Club Universitario de Deportes;08/07/1924;U, Cremas, Merengues;CUD;Universitario;Monumental de Lima;http://www.clubuniversitario.pe/;Universitario;;;175;;;;;
263;Club Deportivo Cobresol FBC;02/05/2008;Los Dorados;CFCB;Cobresol ;25 de Noviembre;http://www.cobresol.net/;CobresolFBC_ ;;;175;;;;;
264;Club Nacional de Football;14/05/1899;Bolso, Tricolor, Decano;CNF;Nacional;Centenario;http://www.nacional.com.uy/;club_nacional;83;3;228;;;;;
265;Club Atlético Peñarol;28/09/1891;Manya, Carboneros, Mirasoles;CAP;Peñarol;Centenario;http://www.peñarol.org/;OficialCAP;98;3;228;;;;;
266;Danubio Fútbol Club;03/01/1932;Franja, Danu, Curva;DFC;Danubio;Jardines;http://www.danubio.org.uy/;DanubioFC;72;3;228;;;;;
267;Club Atlético River Plate;05/11/1932;La Dársena;CARP;River Plate (U);Federico Omar  Saroldi;http://www.cariverplate.com.uy/;;197;3;228;;;;;
268;Cerro Largo Fútbol Club;19/11/2002;Arachanes, Azul y Blanca;CLFC;Cerro Largo;Arq. Antonio Eleuterio Ubilla;http://www.cerrolargofc.com.uy/;CerroLargoFC ;958;3;228;;;;;
269;Defensor Sporting Club;15/3/1913;Violeta, Tuertos, Farola, Cometa;DSC;Defensor Sporting;Luis Franzini;http://www.defensorsporting.com.uy/;defensorspweb ;110;3;228;;;;;
270;Club Atlético Cerro;12/01/1922;Villeros, Albiceleste;CAC;Cerro;Luis Tróccoli;http://www.clubatleticocerro.com/;CACerro_oficial;188;3;228;;;;;
271;Liverpool Fútbol Club;15/2/1915;Negriazul;LFC;Liverpool;Belvedere;http://www.liverpoolfc.com.uy/;LiverpoolFC1915;191;3;228;;;;;
272;Centro Cultural y Deportivo El Tanque Sisley;17/3/1955;Verdinegro, Tanques, Fusionado;ETS;El Tanque Sisley;Víctor Della Valle;;eltanquesisley;961;3;228;;;;;
273;Montevideo Wanderers Fútbol Club;15/8/1902;Bohemios, Vagabundos;MWFC;Montevideo Wanderers;Alfredo Víctor Viera;http://www.mwfc.com.uy/;mwfc_oficial;200;3;228;;;;;
274;Racing Club de Montevideo;04/06/1919;Cerveceros, Escuelita, Academia;RCM;Racing (M);Parque Osvaldo Roberto;http://www.racing.com.uy;RacingCM ;964;3;228;;;;;
275;Central Español Fútbol Club;01/05/1905;Palermitanos;CEFC;Central Español;Parque Palermo;http://www.central.com.uy/;CENTRALESPANOL ;;3;228;;;;;
276;Centro Atlético Fénix;07/07/1916;Albivioletas, Ave;CAF;Fénix;Parque Capurro  ;http://www.cafenix.com.uy/;CAFenixFollower;190;3;228;;;;;
277;Club Atlético Juventud;24/12/1935;Juve, Pedrenses, Canarios;CAJ;Juventud;Parque Artigas;http://www.clubjuventud.org/;juvelaspiedras;;3;228;;;;;
278;Club Atlético Progreso;30/4/1917;Gaucho del Pantanoso;CAP;Progreso;Parque Abraham Paladino;http://www.clubatleticoprogreso.com.uy/;caprogreso;;3;228;;;;;
279;Club Atlético Bella Vista;10/04/1920;Papales, Auriblancos;CABV;Bella Vista;Parque José Nasazzi;http://www.cabellavista.com.uy/;CABellaVista;272;3;228;;;;;
280;Club Santos Laguna;09/04/1983;Guerreros, Santos;CSL;Santos Laguna;TSM Corona;http://www.clubsantoslaguna.com.mx/;clubsantoslagun;;;154;;;;;
281;Club de Fútbol Monterrey;28/6/1945;Rayados, Albiazules;CFM;Monterrey;Tecnológico;http://www.rayados.com/;RayadosCom;;;154;;;;;
282;Club de Fútbol América;12/10/1916;Águilas;CFA;América;Azteca;http://www.clubamerica.com.mx;CF_America;;;154;;;;;
283;Club Monarcas Morelia;21/11/1924;Monarquía, Monarcas;CMM;Morelia;Morelos;http://www.fuerzamonarca.com/;FuerzaMonarca;;;154;;;;;
284;Club de Fútbol Tigres de la Universidad Autónoma de Nuevo León;03/07/1967;Felinos, Auriazules;CFT;Tigres;Universitario;http://www.tigres.com.mx/;TigresOficial;;;154;;;;;
285;Club de Fútbol Pachuca;28/11/1901;Tuzos;CFP;Pachuca;Hidalgo;http://www.tuzos.com.mx/;TuzosOficial;;;154;;;;;
286;Club Tijuana Xoloitzcuintles de Caliente;14/1/2007;Xolos, Perros aztecas, Rojinegros;CTX;Tijuana;Caliente;http://www.xolos.com.mx/;XolosOficial;;;154;;;;;
287;Club de Fútbol Jaguares de Chiapas;27/6/2002;Jaguares, Naranjas;CFJ;Chiapas;Víctor Manuel Reyna;http://www.jaguaresdechiapas.com.mx/;soyjaguar;;;154;;;;;
288;Cruz Azul Fútbol Club;22/5/1927;Máquina Cementera, Azules, Cementeros;CAFC;Cruz Azul;Azul;http://www.cruzazulfc.com/;Cruz_Azul_FC;;;154;;;;;
289;Deportivo Toluca Fútbol Club;02/12/1917;Diablos Rojos, Choriceros, Rojo;DTFC;Toluca;Nemesio Díez;http://www.deportivotolucafc.com/;deptolucafc ;;;154;;;;;
290;Club Social y Deportivo Atlas de Guadalajara;15/8/1916;Rojinegros, Zorros;CAG;Atlas;Jalisco;http://www.atlas.com.mx/;atlasoficial;;;154;;;;;
291;Club de Fútbol Puebla;05/07/1944;Camoteros, Franja;CFP;Puebla;Cuauhtémoc;http://www.pueblafutbolclub.com.mx/;Pueblafcoficial;;;154;;;;;
292;Club Universidad Nacional ;28/8/1954;Pumas, UNAM, Universitarios;CUN;Pumas ;Olímpico Universitario;http://www.clubpumasunam.com;ClubUniversidad;;;154;;;;;
293;Club de Fútbol Atlante;18/4/1916;Potros, Azulgranas;CFA;Atlante;Olímpico Andrés Quintana Roo;http://www.atlantefc.mx/;FCAtlante;;;154;;;;;
294;Club Deportivo Guadalajara;05/08/1906;Rebaño Sagrado, Chivas Rayadas;CDG;Chivas;Omnilife;http://www.chivascampeon.com/;Chivas;;;154;;;;;
295;San Luis Fútbol Club;01/01/1957;Auriazules, Gladiadores;SLFC;San Luis;Alfonso Lastras Ramírez;http://www.clubsanluis.com.mx/;SanLuis_FC;;;154;;;;;
296;Querétaro Fútbol Club;07/08/1950;Gallos, Albiazules;QFC;Querétaro;Corregidora;http://www.clubqueretaro.com/;club_queretaro;;;154;;;;;
297;Club León Fútbol Club;20/8/1944;Panzas Verdes, Fiera;CLFC;León ;León;http://www.clubleon-fc.com/;clubleonfcv;;;154;;;;;
298;Amsterdamsche Football Club Ajax;18/3/1900;Sons of God, Ajacieden;AFCA;Ajax;Amsterdam Arena;http://www.ajax.nl;AFCAjax;;;96;;;;;
299;Feyenoord Rotterdam;19/7/1908;Industrials, Legion;FR;Feyenoord;De Kuip;http://www.feyenoord.nl;Feyenoord;;;96;;;;;
300;Philips Sport Vereniging;31/8/1913;The Peasants;PSV;PSV;Philips;http://www.psv.nl;PSV;;;96;;;;;
301;AZ Alkmaar Zaanstreek;05/10/1967;The Cheese Farmers;AZA;AZ;AFAS ;http://www.az.nl;wwwaznl;;;96;;;;;
302;Sportclub Heerenveen;20/7/1920;Super Friezen;SCH;Heerenveen;Abe Lenstra ;http://www.sc-heerenveen.nl;scheerenveen;;;96;;;;;
303;Football Club Twente;07/01/1965;Tukkers, Reds;FCT;Twente;De Grolsch Veste;http://www.fctwente.nl;fctwente;;;96;;;;;
304;Stichting Betaald Voetbal Vitesse;14/5/1892;Yellow Blacks;SBVV;Vitesse;GelreDome;http://www.vitesse.nl;MijnVitesse;;;96;;;;;
305;Nijmegen Eendracht Combinatie;15/11/1900;Eniesee;NEC;NEC;Goffertstadion;http://www.nec-nijmegen.nl;NEC_Nijmegen;;;96;;;;;
306;Rooms Katholieke Combinatie Waalwijk;26/8/1940;RKC;RKCW;RKC Waalwijk;Mandemakers ;http://www.rkcwaalwijk.nl;rkcwaalwijk;;;96;;;;;
307;Sportvereniging Roda Juliana Combinatie Kerkrade;27/6/1962;Koempels;RJC;Roda ;Parkstad Limburg ;http://www.rodajc.nl;rodajckerkrade;;;96;;;;;
308;Football Club Utrecht;07/01/1970;Utreg ;FCU;Utrecht;Galgenwaard;http://www.fcutrecht.nl;fcutrecht;;;96;;;;;
309;Heracles Almelo;05/03/1903;Heraclieden;HA;Heracles Almelo;Polman ;http://www.heracles.nl;HeraclesTweet;;;96;;;;;
310;Noad Advendo Combinatie Breda;19/9/1912;Yellow Army, Rats;NACB;NAC ;Rat Verlegh ;http://www.nac.nl;NACnl;;;96;;;;;
311;Football Club Groningen;16/6/1971;Green White Army;FCG;Groningen;Euroborg;http://www.fcgroningen.nl;fcgroningen;;;96;;;;;
312;Haagsche Football Club Alles Door Oefening Den Haag;02/01/1905;ADO, Caruchaddo;ADH;ADO Den Haag;Zuiderpark;http://www.adodenhaag.nl;adodenhaag;;;96;;;;;
313;Venlose Voetbal Vereniging;02/07/1903;Good Old;VVVV;VVV Venlo;De Koel;http://www.vvv-venlo.nl;vvvvenlo;;;96;;;;;
314;Willem II ;12/8/1896;Tricolor;WII;Willem II ;Koning Willem II ;http://www.willem-ii.nl/;Official_WII;;;96;;;;;
315;Football Club Zwolle;07/01/1990;Bluefingers;FCZ;PEC Zwolle;PEC Zwolle;http://www.peczwolle.nl/;peczwolle;;;96;;;;;
316;Football Club Zenit;1925;Los Blanquiazules;FCZ;Zenit;Petrovski;http://www.fc-zenit.ru;zenit_spb;;;189;;;;;
317;PFC CSKA Moscú;1911;Caballos, Hombres del Ejército;;CSKA ;Khimki;http://www.pfc-cska.com/;PFC_CSKA_MOSCOW;;;189;;;;;
318;Football Club Dinamo Moscú;1923;Los Policías;FCFM;Dinamo Moscú;Khimki;http://www.fcdinamo.ru/;FCDM_press;;;189;;;;;
319;Football Club Spartak Moscú;18/4/1922;Carne, Rojo y Blanco;FCSM;Spartak Moscú;Luzhniki;http://www.spartak.com/;fcsm_official;;;189;;;;;
320;Football Club Lokomotiv Moscow;1923;Locomotora, Ferroviarios;FCLM;Lokomotiv;Lokomotiv;http://www.fclm.ru/;fclm_press;;;189;;;;;
321;Football Club Kuban Krasnodar;1928;Los Cosacos;FCKK;Kuban Krasnodar;Kuban;http://www.fckuban.ru/;fckuban_ru;;;189;;;;;
322;Football Club Rubin Kazan;20/4/1958;Los Tártaros;FCRK;Rubin Kazan;Rubin;http://www.rubin-kazan.ru/;fc_rubin_kazan;;;189;;;;;
323;Football Club Anzhi Makhachkala;1991;Las Águilas;FCAM;Anzhi ;Dinamo;http://www.fc-anji.ru/;fc-anji;;;189;;;;;
324;Football Club Krasnodar;2008;Los Toros;FCK;Krasnodar;Kuban;http://www.fckrasnodar.ru/;fckrasnodar;;;189;;;;;
325;Football Club Rostov;1930;Selmashi;FCR;Rostov;Olymp-2;http://www.fc-rostov.ru/;rostovfc;;;189;;;;;
326;Kadyrov Republican Football Club Terek Grozny;1946;Nohchi ;FCTG;Terek ;Akhmat Arena;http://www.fc-terek.ru/;fcterek;;;189;;;;;
327;Football Club Volga Nizhny Novgorod;1998;Volgari ;VNN;Volga ;Lokomotiv;http://www.fcvolgann.ru/;fcvolgann;;;189;;;;;
328;Football Club Amkar Perm ;1993;Permyaks;FCAP;Amkar ;Zvezda;http://www.fc-amkar.org/;fc_amkar;;;189;;;;;
329;Football Club Krylia Sovetov Samara;1942;Alas de los Soviets;FCKS;Krylia Sovetov;Metallurg;http://www.kc-camapa.ru/;fckssamara;;;189;;;;;
330;Football Club Alania Vladikavkaz;1921;Los Leopardos de las Nieves;FCAV;Alania Vladikavkaz;Republicano;http://www.fc-alania.ru/;AlaniaFC;;;189;;;;;
331;Football Club Mordovia Saransk;1961;;FCMS;Mordovia Saransk;Start;http://www.fc-mordovia.ru/;13fcMordovia;;;189;;;;;
332;Football Club Shakhtar Donetsk;24/5/1936;Los Mineros;FCSD;Shakhtar ;Donbass Arena;http://www.shakhtar.com/;SHAKHTAR_UA ;;;225;;;;;
333;Football Club Dynamo Kiev;13/5/1927;Gaviotas, Blanquiazul;FCDK;Dynamo Kiev;Lobanovsky Dynamo;http://www.fcdynamo.kiev.ua/;FCDM_press;;;225;;;;;
334;Football Club Metalist Kharkiv;1925;Los Hurones;FCMK;Metalist;Metalist ;http://www.metalist.ua/;FCMetalist;;;225;;;;;
335;Football Club Dnipro Dnipropetrovsk;1918;Dnipriany;FCDD;Dnipro ;Dnipro Arena;http://www.fcdnipro.ua/;fcdnipro;;;225;;;;;
336;Football Club Arsenal Kiev;1934;Los Artilleros;FCAK;Arsenal Kiev;Lobanovsky Dynamo;http://www.fcarsenal.com.ua;official_fcak;;;225;;;;;
337;Sports Club Tavria Simferopol;1958;Los Cremosos;SCTS;Tavria;RSC Lokomotiv Stadium;http://www.sctavriya.com/;sc_tavriya;;;225;;;;;
338;Football Club Metalurh Donetsk;17/6/1996;MetaDon;FCMD;Metalurg Donetsk;Metalurg Donetsk;http://www.metallurg.donetsk.ua/;fcmetallurg;;;225;;;;;
339;Football Club Vorskla Poltava;1955;Verde y Blanco;FCVP;Vorskla ;Butovsky Vorskla;http://www.vorskla.com.ua/;fc_vorskla ;;;225;;;;;
340;Football Club Chernomorets Odesa;26/3/1936;Los Marineros;FCCO;Chernomorets;Chernomorets;http://www.chernomorets.odessa.ua/;ChernomoretsFC ;;;225;;;;;
341;Football Club Kryvbas Kryvyi Rih;1959;;FCKK;Kryvbas ;Metalurg;http://www.fckryvbas.com.ua/;fckryvbas;;;225;;;;;
342;Football Club Illichivets Mariupol ;1960;Los Leninistas;FCIM;Illichivets Mariupol;Illichivets;http://www.fcilich.com/;;;;225;;;;;
343;Football Club Volyn Lutsk;1992;Los Cruzados;FCVL;Volyn Lutsk;Avanhard;http://www.fc.volyn.net/;fcVolyn;;;225;;;;;
344;Football Club Zarya Lugansk;1923;Blanquinegros;FCZL;Zarya Lugansk;Vanguard;http://www.zarya-lugansk.com/;;;;225;;;;;
345;Football Club Karpaty Lviv;1963;Leones Verdes;FCKL;Karpaty;Lviv Arena;http://www.fckarpaty.lviv.ua/;fckarpaty;;;225;;;;;
346;Football Club Metalurh Zaporizhya;1935;Cosacos, Metal;FCMZ;Metalurg Zaporizhya;Slavutych Arena;http://www.fcmetalurg.com/;;;;225;;;;;
347;Football Club Hoverla Uzhhorod;1946;;FCHU;Hoverla Uzhhorod;Avanhard;http://www.zakarpattja.uz.ua/;;;;225;;;;;
348;DC United;1994;United, Black and Red, DCU;DCU;DC United;RFK ;http://www.dcunited.com/;dcunited;;;69;;;;;
349;New York Red Bulls;1995;Red Bulls, Metros;NYRB;NY Red Bulls;Red Bull Arena;http://www.newyorkredbulls.com/;newyorkredbulls;;;69;;;;;
350;Sporting Kansas City;1995;Sporting, Wizards, The Wiz;SKC;Kansas City;Livestrong Sporting Park;http://www.sportingkc.com/;sportingkc;;;69;;;;;
351;Chicago Fire Soccer Club;1997;The Fire, Men in Red;CFSC;Chicago Fire;Toyota Park;http://www.chicago-fire.com/;chicagofire;;;69;;;;;
352;Columbus Crew;15/6/1994;The Massive, The Fighting Canaries;CC;Columbus Crew;Columbus Crew ;http://www.thecrew.com/;columbuscrew;;;69;;;;;
353;Houston Dynamo;15/12/2005;Dynamo, Orange Crush;HD;Houston Dynamo;BBVA Compass  ;http://www.houstondynamo.com/;houstondynamo;;;69;;;;;
354;New England Revolution;17/10/1995;Revs;NER;New England ;Gillette ;http://www.revolutionsoccer.net/;NErevolution;;;69;;;;;
355;Montreal Impact;2010;Impact;MI;Montreal Impact;Saputo;http://www.impactmontreal.com/;impactmontreal;;;69;;;;;
356;Philadelphia Union;2008;Zolos, The U;PU;Philadelphia Union;PPL Park;http://www.philadelphiaunion.com/;PhilaUnion;;;69;;;;;
357;Toronto FC;2006;Reds, Tuffsy, TFC;TFC;Toronto FC;BMO Field;http://www.torontofc.ca/;torontofc;;;69;;;;;
358;Real Salt Lake;2004;Royals, Lakers, Monarcas, La Realesa;RSL;Real Salt Lake;Rio Tinto ;http://www.realsaltlake.com/;realsaltlake;;;69;;;;;
359;San Jose Earthquakes;17/4/1995;Quakes, Terremotos de San José;SJE;SJ Earthquakes;Buck Shaw  ;http://www.sjearthquakes.com/;SJEarthquakes ;;;69;;;;;
360;Seattle Sounders;2007;The Sounders, Rave Green;SS;Seattle Sounders;CenturyLink Field;http://www.soundersfc.com/;SoundersFC;;;69;;;;;
361;Colorado Rapids;1996;Rapids;CR;Colorado Rapids;Dick's Sporting Goods Park;http://www.coloradorapids.com/;coloradorapids;;;69;;;;;
362;Vancouver Whitecaps Football Club;2009;Caps, Blue and White;VWFC;Vancouver Whitecaps;BC Place;http://www.whitecapsfc.com/;whitecapsfc;;;69;;;;;
363;Club Deportivo Chivas USA;08/02/2004;Goats, Rebaño Angelino;CUSA;Chivas USA;The Home Depot Center;http://www.cdchivasusa.com/;cdchivasusa;;;69;;;;;
364;Portland Timbers;2009;The Timbers;PT;Portland Timbers;Jeld Wen Field;http://www.portlandtimbers.com/;timbersfc;;;69;;;;;
365;Football Club Dallas;1996;Toros, FCD, Hoops;FCD;FC Dallas;Pizza Hut Park;http://www.fcdallas.com/;fcdallas;;;69;;;;;
366;Los Angeles Galaxy;1995;Galaxy, Los Galacticos;LAG;LA Galaxy;The Home Depot Center;http://www.lagalaxy.com/;LAGalaxy;;;69;;;;;